Chromosome	Position	rsIDs	Reference	Alternate	Source	Filters - exomes	Filters - genomes	Transcript	HGVS Consequence	Protein Consequence	Transcript Consequence	VEP Annotation	ClinVar Clinical Significance	ClinVar Variation ID	Flags	Allele Count	Allele Number	Allele Frequency	Homozygote Count	Hemizygote Count	Allele Count African/African American	Allele Number African/African American	Homozygote Count African/African American	Hemizygote Count African/African American	Allele Count Latino/Admixed American	Allele Number Latino/Admixed American	Homozygote Count Latino/Admixed American	Hemizygote Count Latino/Admixed American	Allele Count Ashkenazi Jewish	Allele Number Ashkenazi Jewish	Homozygote Count Ashkenazi Jewish	Hemizygote Count Ashkenazi Jewish	Allele Count East Asian	Allele Number East Asian	Homozygote Count East Asian	Hemizygote Count East Asian	Allele Count European (Finnish)	Allele Number European (Finnish)	Homozygote Count European (Finnish)	Hemizygote Count European (Finnish)	Allele Count European (non-Finnish)	Allele Number European (non-Finnish)	Homozygote Count European (non-Finnish)	Hemizygote Count European (non-Finnish)	Allele Count Other	Allele Number Other	Homozygote Count Other	Hemizygote Count Other	Allele Count South Asian	Allele Number South Asian	Homozygote Count South Asian	Hemizygote Count South Asian
9	100437733	rs748593164	A	G	gnomAD Genomes	NA	PASS	ENST00000375128.4	p.Tyr270Tyr	p.Tyr270Tyr	c.810T>C	synonymous_variant	Likely benign	755805		3	31252	9.59939E-05	0	0	3	8688	0	0	0	844	0	0	0	290	0	0	0	1558	0	0	0	3432	0	0	0	15366	0	0	0	1074	0	0	0	0	0	0
9	100437754	rs371262559	C	T	gnomAD Genomes	NA	PASS	ENST00000375128.4	p.Met263Ile	p.Met263Ile	c.789G>A	missense_variant				2	31382	6.37308E-05	0	0	1	8712	0	0	0	846	0	0	0	290	0	0	0	1558	0	0	0	3472	0	0	1	15416	0	0	0	1088	0	0	0	0	0	0
9	100437757	rs778543124	AGTACAAGTCTTACG	A	gnomAD Genomes	NA	PASS	ENST00000375128.4	p.Arg258TyrfsTer5	p.Arg258TyrfsTer5	c.772_785delCGTAAGACTTGTAC	frameshift_variant	Pathogenic/Likely pathogenic	523608	lc_lof	6	31392	0.000191131	0	0	0	8716	0	0	0	846	0	0	0	290	0	0	0	1558	0	0	0	3472	0	0	6	15422	0	0	0	1088	0	0	0	0	0	0
9	100437765	rs759147018	T	C	gnomAD Genomes	NA	PASS	ENST00000375128.4	p.Thr260Ala	p.Thr260Ala	c.778A>G	missense_variant				2	31380	6.37349E-05	0	0	0	8716	0	0	0	846	0	0	0	290	0	0	2	1556	0	0	0	3466	0	0	0	15418	0	0	0	1088	0	0	0	0	0	0
9	100437769	rs746694561	A	T	gnomAD Genomes	NA	PASS	ENST00000375128.4	p.Arg258Arg	p.Arg258Arg	c.774T>A	synonymous_variant	Conflicting interpretations of pathogenicity	737440		2	31382	6.37308E-05	0	0	1	8712	0	0	0	846	0	0	0	290	0	0	0	1558	0	0	0	3470	0	0	1	15418	0	0	0	1088	0	0	0	0	0	0
9	100437771	rs188860873	G	A	gnomAD Genomes	NA	PASS	ENST00000375128.4	p.Arg258Cys	p.Arg258Cys	c.772C>T	missense_variant	Uncertain significance	135462		4	31312	0.000127747	0	0	1	8708	0	0	0	836	0	0	0	290	0	0	3	1556	0	0	0	3460	0	0	0	15382	0	0	0	1080	0	0	0	0	0	0
9	100437772	rs889891145	G	A	gnomAD Genomes	NA	PASS	ENST00000375128.4	p.Tyr257Tyr	p.Tyr257Tyr	c.771C>T	synonymous_variant				1	31352	3.18959E-05	0	0	1	8706	0	0	0	844	0	0	0	290	0	0	0	1558	0	0	0	3472	0	0	0	15396	0	0	0	1086	0	0	0	0	0	0
9	100437777	rs57519506	T	C	gnomAD Genomes	NA	PASS	ENST00000375128.4	p.Met256Val	p.Met256Val	c.766A>G	missense_variant	Benign/Likely benign	135460		251	31390	0.007996177	2	0	246	8712	2	0	2	844	0	0	0	290	0	0	0	1560	0	0	0	3472	0	0	1	15424	0	0	2	1088	0	0	0	0	0	0
9	100437781	rs563633374	ATCT	A	gnomAD Genomes	NA	PASS	ENST00000375128.4	p.Glu253del	p.Glu253del	c.759_761delAGA	inframe_deletion	Uncertain significance	553122		1	31390	3.18573E-05	0	0	0	8716	0	0	0	846	0	0	0	290	0	0	0	1560	0	0	0	3476	0	0	1	15414	0	0	0	1088	0	0	0	0	0	0
9	100437784	rs531005089	T	A	gnomAD Genomes	NA	PASS	ENST00000375128.4	p.Glu253Asp	p.Glu253Asp	c.759A>T	missense_variant				1	31398	3.18492E-05	0	0	1	8716	0	0	0	844	0	0	0	290	0	0	0	1556	0	0	0	3476	0	0	0	15430	0	0	0	1086	0	0	0	0	0	0
9	100437787	rs756559529	T	C	gnomAD Genomes	NA	PASS	ENST00000375128.4	p.Leu252Leu	p.Leu252Leu	c.756A>G	synonymous_variant	Likely benign	795429		2	31394	6.37064E-05	0	0	0	8714	0	0	0	848	0	0	0	290	0	0	2	1558	0	0	0	3476	0	0	0	15420	0	0	0	1088	0	0	0	0	0	0
9	100437789	rs3176750	G	C	gnomAD Genomes	NA	PASS	ENST00000375128.4	p.Leu252Val	p.Leu252Val	c.754C>G	missense_variant	Benign/Likely benign	135461		283	31346	0.009028265	10	0	275	8700	10	0	2	842	0	0	0	290	0	0	0	1558	0	0	0	3462	0	0	2	15406	0	0	4	1088	0	0	0	0	0	0
9	100437804	rs963248210	C	T	gnomAD Genomes	NA	PASS	ENST00000375128.4	p.Gly247Arg	p.Gly247Arg	c.739G>A	missense_variant				1	31366	3.18817E-05	0	0	1	8712	0	0	0	846	0	0	0	290	0	0	0	1560	0	0	0	3468	0	0	0	15404	0	0	0	1086	0	0	0	0	0	0
9	100437812	rs144725456	T	C	gnomAD Genomes	NA	PASS	ENST00000375128.4	p.His244Arg	p.His244Arg	c.731A>G	missense_variant	Uncertain significance	364088		5	31382	0.000159327	0	0	1	8714	0	0	0	846	0	0	0	290	0	0	0	1560	0	0	1	3474	0	0	3	15410	0	0	0	1088	0	0	0	0	0	0
9	100437843	rs3176749	C	A	gnomAD Genomes	NA	PASS	ENST00000375128.4	p.Val234Leu	p.Val234Leu	c.700G>T	missense_variant	Likely benign	731723		37	31346	0.001180374	0	0	37	8706	0	0	0	846	0	0	0	290	0	0	0	1560	0	0	0	3460	0	0	0	15396	0	0	0	1088	0	0	0	0	0	0
9	100437844	rs751657405	G	A	gnomAD Genomes	NA	PASS	ENST00000375128.4	p.Ser233Ser	p.Ser233Ser	c.699C>T	synonymous_variant				2	31272	6.3955E-05	0	0	0	8698	0	0	1	842	0	0	0	290	0	0	0	1556	0	0	0	3444	0	0	1	15360	0	0	0	1082	0	0	0	0	0	0
9	100437847	rs368677003	G	A	gnomAD Genomes	NA	PASS	ENST00000375128.4	p.Ser232Ser	p.Ser232Ser	c.696C>T	synonymous_variant	Likely benign	794378		1	31300	3.19489E-05	0	0	0	8708	0	0	0	842	0	0	0	290	0	0	0	1556	0	0	0	3454	0	0	0	15370	0	0	1	1080	0	0	0	0	0	0
9	100437860	rs1805160	C	T	gnomAD Genomes	NA	PASS	ENST00000375128.4	p.Arg228Gln	p.Arg228Gln	c.683G>A	missense_variant	Uncertain significance	135463		3	31300	9.58466E-05	0	0	0	8700	0	0	1	844	0	0	0	290	0	0	0	1556	0	0	0	3468	0	0	2	15360	0	0	0	1082	0	0	0	0	0	0
9	100437861	rs104894132	G	A	gnomAD Genomes	NA	PASS	ENST00000375128.4	p.Arg228Ter	p.Arg228Ter	c.682C>T	stop_gained	Pathogenic	995		20	31250	0.00064	0	0	0	8692	0	0	0	844	0	0	0	290	0	0	0	1560	0	0	16	3446	0	0	2	15342	0	0	2	1076	0	0	0	0	0	0
9	100447222	rs768658649	A	C	gnomAD Genomes	NA	PASS	ENST00000375128.4	p.Phe219Cys	p.Phe219Cys	c.656T>G	missense_variant				1	31382	3.18654E-05	0	0	1	8712	0	0	0	844	0	0	0	290	0	0	0	1560	0	0	0	3466	0	0	0	15424	0	0	0	1086	0	0	0	0	0	0
9	100447222	rs768658649	A	G	gnomAD Genomes	NA	PASS	ENST00000375128.4	p.Phe219Ser	p.Phe219Ser	c.656T>C	missense_variant				1	31382	3.18654E-05	0	0	0	8712	0	0	0	844	0	0	0	290	0	0	0	1560	0	0	0	3466	0	0	1	15424	0	0	0	1086	0	0	0	0	0	0
9	100447232	rs761978351	G	A	gnomAD Genomes	NA	PASS	ENST00000375128.4	p.Gln216Ter	p.Gln216Ter	c.646C>T	stop_gained	Likely pathogenic	553816		1	31356	3.18918E-05	0	0	1	8702	0	0	0	848	0	0	0	290	0	0	0	1558	0	0	0	3464	0	0	0	15408	0	0	0	1086	0	0	0	0	0	0
9	100447246	rs138259553	C	T	gnomAD Genomes	NA	PASS	ENST00000375128.4	p.Arg211Gln	p.Arg211Gln	c.632G>A	missense_variant				1	31330	3.19183E-05	0	0	1	8696	0	0	0	848	0	0	0	290	0	0	0	1560	0	0	0	3454	0	0	0	15400	0	0	0	1082	0	0	0	0	0	0
9	100447273	rs200956475	T	G	gnomAD Genomes	NA	PASS	ENST00000375128.4	p.Glu202Ala	p.Glu202Ala	c.605A>C	missense_variant				2	31390	6.37146E-05	0	0	0	8712	0	0	0	848	0	0	0	290	0	0	0	1558	0	0	0	3472	0	0	2	15424	0	0	0	1086	0	0	0	0	0	0
9	100447307	rs562768588	G	C	gnomAD Genomes	NA	PASS	ENST00000375128.4	p.Leu191Val	p.Leu191Val	c.571C>G	missense_variant	Conflicting interpretations of pathogenicity	135458		5	31382	0.000159327	0	0	0	8708	0	0	0	846	0	0	0	290	0	0	5	1558	0	0	0	3470	0	0	0	15424	0	0	0	1086	0	0	0	0	0	0
9	100447310	rs555812588	A	C	gnomAD Genomes	NA	PASS	ENST00000375128.4	p.Ser190Ala	p.Ser190Ala	c.568T>G	missense_variant	Likely benign	135459		2	31392	6.37105E-05	0	0	0	8710	0	0	0	848	0	0	0	288	0	0	0	1558	0	0	0	3476	0	0	0	15426	0	0	2	1086	0	0	0	0	0	0
9	100449425	rs748215619	G	C	gnomAD Genomes	NA	PASS	ENST00000375128.4	p.Pro170Ala	p.Pro170Ala	c.508C>G	missense_variant				1	31384	3.18634E-05	0	0	0	8708	0	0	0	846	0	0	0	290	0	0	1	1558	0	0	0	3472	0	0	0	15422	0	0	0	1088	0	0	0	0	0	0
9	100449436	rs143374902	A	G	gnomAD Genomes	NA	PASS	ENST00000375128.4	p.Val166Ala	p.Val166Ala	c.497T>C	missense_variant	Benign	135457		97	31402	0.003088975	1	0	97	8714	1	0	0	846	0	0	0	290	0	0	0	1560	0	0	0	3474	0	0	0	15430	0	0	0	1088	0	0	0	0	0	0
9	100449488	rs776195320	G	A	gnomAD Genomes	NA	PASS	ENST00000375128.4	p.Leu149Phe	p.Leu149Phe	c.445C>T	missense_variant				3	31376	9.56145E-05	0	0	0	8712	0	0	0	846	0	0	0	290	0	0	0	1556	0	0	1	3470	0	0	1	15414	0	0	1	1088	0	0	0	0	0	0
9	100449490		T	C	gnomAD Genomes	NA	PASS	ENST00000375128.4	p.Tyr148Cys	p.Tyr148Cys	c.443A>G	missense_variant				1	31406	3.1841E-05	0	0	0	8712	0	0	0	848	0	0	0	290	0	0	0	1560	0	0	0	3474	0	0	1	15434	0	0	0	1088	0	0	0	0	0	0
9	100449492	rs376040996	T	G	gnomAD Genomes	NA	PASS	ENST00000375128.4	p.Glu147Asp	p.Glu147Asp	c.441A>C	missense_variant				2	31404	6.36862E-05	0	0	0	8714	0	0	0	848	0	0	0	290	0	0	0	1558	0	0	0	3474	0	0	2	15432	0	0	0	1088	0	0	0	0	0	0
9	100449526	rs1190907838	T	C	gnomAD Genomes	NA	PASS	ENST00000375128.4	p.His136Arg	p.His136Arg	c.407A>G	missense_variant				1	31408	3.1839E-05	0	0	1	8716	0	0	0	846	0	0	0	290	0	0	0	1560	0	0	0	3476	0	0	0	15432	0	0	0	1088	0	0	0	0	0	0
9	100449530	rs370356656	T	C	gnomAD Genomes	NA	PASS	ENST00000375128.4	p.Lys135Glu	p.Lys135Glu	c.403A>G	missense_variant				6	31406	0.000191046	0	0	6	8716	0	0	0	848	0	0	0	290	0	0	0	1558	0	0	0	3476	0	0	0	15430	0	0	0	1088	0	0	0	0	0	0
9	100451832	rs772505668	T	C	gnomAD Genomes	NA	PASS	ENST00000375128.4	p.Thr125Ala	p.Thr125Ala	c.373A>G	missense_variant				1	31372	3.18756E-05	0	0	0	8710	0	0	0	848	0	0	0	290	0	0	0	1560	0	0	0	3458	0	0	1	15420	0	0	0	1086	0	0	0	0	0	0
9	100451851	rs1200172747	CATAAG	C	gnomAD Genomes	NA	PASS	ENST00000375128.4	p.Leu117GlufsTer4	p.Leu117GlufsTer4	c.349_353delCTTAT	frameshift_variant	Pathogenic	994		1	31354	3.18939E-05	0	0	0	8708	0	0	0	846	0	0	0	290	0	0	0	1560	0	0	0	3454	0	0	1	15414	0	0	0	1082	0	0	0	0	0	0
9	100451852	rs574811302	A	G	gnomAD Genomes	NA	PASS	ENST00000375128.4	p.Met118Thr	p.Met118Thr	c.353T>C	missense_variant				4	31384	0.000127453	0	0	3	8716	0	0	0	848	0	0	0	290	0	0	0	1560	0	0	0	3458	0	0	1	15428	0	0	0	1084	0	0	0	0	0	0
9	100451869	rs1373475991	A	G	gnomAD Genomes	NA	PASS	ENST00000375128.4	p.Phe112Phe	p.Phe112Phe	c.336T>C	synonymous_variant				1	31384	3.18634E-05	0	0	0	8716	0	0	0	848	0	0	0	290	0	0	0	1560	0	0	0	3460	0	0	1	15424	0	0	0	1086	0	0	0	0	0	0
9	100451874	rs769255883	C	A	gnomAD Genomes	NA	PASS	ENST00000375128.4	p.Glu111Ter	p.Glu111Ter	c.331G>T	stop_gained	Pathogenic	557900		1	31362	3.18857E-05	0	0	1	8706	0	0	0	848	0	0	0	290	0	0	0	1560	0	0	0	3456	0	0	0	15418	0	0	0	1084	0	0	0	0	0	0
9	100451887	rs1317639909	T	C	gnomAD Genomes	NA	PASS	ENST00000375128.4	p.Glu106Glu	p.Glu106Glu	c.318A>G	synonymous_variant				1	31386	3.18613E-05	0	0	1	8716	0	0	0	848	0	0	0	290	0	0	0	1560	0	0	0	3460	0	0	0	15426	0	0	0	1086	0	0	0	0	0	0
9	100451889	rs372447411	C	T	gnomAD Genomes	NA	PASS	ENST00000375128.4	p.Glu106Lys	p.Glu106Lys	c.316G>A	missense_variant				1	31358	3.18898E-05	0	0	1	8706	0	0	0	846	0	0	0	290	0	0	0	1558	0	0	0	3458	0	0	0	15416	0	0	0	1084	0	0	0	0	0	0
9	100451916	rs10983315	C	T	gnomAD Genomes	NA	PASS	ENST00000375128.4	p.Val97Ile	p.Val97Ile	c.289G>A	missense_variant	Benign/Likely benign	729280		14	31362	0.0004464	0	0	0	8710	0	0	0	848	0	0	0	290	0	0	14	1560	0	0	0	3444	0	0	0	15424	0	0	0	1086	0	0	0	0	0	0
9	100455980	rs144543144	T	C	gnomAD Genomes	NA	PASS	ENST00000375128.4	p.Glu78Glu	p.Glu78Glu	c.234A>G	synonymous_variant	Likely benign	752899		12	31404	0.000382117	0	0	12	8716	0	0	0	848	0	0	0	290	0	0	0	1560	0	0	0	3476	0	0	0	15426	0	0	0	1088	0	0	0	0	0	0
9	100455997	rs1443834951	CTCCTGTGTCAAT	C	gnomAD Genomes	NA	PASS	ENST00000375128.4	p.Ile69_Gly72del	p.Ile69_Gly72del	c.205_216delATTGACACAGGA	inframe_deletion				1	31398	3.18492E-05	0	0	0	8712	0	0	0	846	0	0	0	290	0	0	0	1558	0	0	0	3474	0	0	1	15432	0	0	0	1086	0	0	0	0	0	0
9	100456001	rs1384131317	T	C	gnomAD Genomes	NA	PASS	ENST00000375128.4	p.Thr71Thr	p.Thr71Thr	c.213A>G	synonymous_variant	Likely benign	724230		1	31412	3.1835E-05	0	0	0	8718	0	0	0	848	0	0	0	290	0	0	0	1560	0	0	0	3476	0	0	1	15432	0	0	0	1088	0	0	0	0	0	0
9	100456030	rs1476014427	C	T	gnomAD Genomes	NA	PASS	ENST00000375128.4	p.Val62Ile	p.Val62Ile	c.184G>A	missense_variant				1	31408	3.1839E-05	0	0	1	8718	0	0	0	848	0	0	0	290	0	0	0	1560	0	0	0	3476	0	0	0	15428	0	0	0	1088	0	0	0	0	0	0
9	100456041	rs1365252970	C	T	gnomAD Genomes	NA	PASS	ENST00000375128.4	p.Gly58Asp	p.Gly58Asp	c.173G>A	missense_variant				1	31402	3.18451E-05	0	0	0	8708	0	0	0	848	0	0	0	290	0	0	0	1558	0	0	0	3476	0	0	1	15434	0	0	0	1088	0	0	0	0	0	0
9	100456043	rs1468099690	T	C	gnomAD Genomes	NA	PASS	ENST00000375128.4	c.173-2A>G		c.173-2A>G	splice_acceptor_variant				1	31402	3.18451E-05	0	0	0	8710	0	0	0	848	0	0	0	290	0	0	0	1560	0	0	0	3476	0	0	1	15430	0	0	0	1088	0	0	0	0	0	0
9	100459420	rs1205446893	G	A	gnomAD Genomes	NA	PASS	ENST00000375128.4	p.Ala52Val	p.Ala52Val	c.155C>T	missense_variant				1	31354	3.18939E-05	0	0	1	8698	0	0	0	846	0	0	0	290	0	0	0	1558	0	0	0	3472	0	0	0	15404	0	0	0	1086	0	0	0	0	0	0
9	100459423	rs778315426	G	C	gnomAD Genomes	NA	PASS	ENST00000375128.4	p.Thr51Arg	p.Thr51Arg	c.152C>G	missense_variant	Uncertain significance	1319451		1	31354	3.18939E-05	0	0	0	8688	0	0	0	848	0	0	0	290	0	0	0	1560	0	0	1	3474	0	0	0	15406	0	0	0	1088	0	0	0	0	0	0
9	100459437	rs1460704843	C	T	gnomAD Genomes	NA	PASS	ENST00000375128.4	p.Arg46Arg	p.Arg46Arg	c.138G>A	synonymous_variant				1	31368	3.18796E-05	0	0	1	8696	0	0	0	848	0	0	0	290	0	0	0	1560	0	0	0	3472	0	0	0	15414	0	0	0	1088	0	0	0	0	0	0
9	100459461	rs771672431	C	T	gnomAD Genomes	NA	PASS	ENST00000375128.4	p.Leu38Leu	p.Leu38Leu	c.114G>A	synonymous_variant				2	31374	6.37471E-05	0	0	0	8698	0	0	0	848	0	0	0	290	0	0	0	1558	0	0	2	3474	0	0	0	15418	0	0	0	1088	0	0	0	0	0	0
9	100459486	rs760613920	C	T	gnomAD Genomes	NA	PASS	ENST00000375128.4	p.Arg30Gln	p.Arg30Gln	c.89G>A	missense_variant				1	31392	3.18552E-05	0	0	0	8706	0	0	0	848	0	0	0	290	0	0	0	1560	0	0	0	3474	0	0	1	15426	0	0	0	1088	0	0	0	0	0	0
9	100459493	rs776656098	T	A	gnomAD Genomes	NA	PASS	ENST00000375128.4	p.Ile28Phe	p.Ile28Phe	c.82A>T	missense_variant				2	31374	6.37471E-05	0	0	0	8706	0	0	0	848	0	0	0	290	0	0	0	1558	0	0	0	3472	0	0	2	15412	0	0	0	1088	0	0	0	0	0	0
9	100459499	rs766444854	C	G	gnomAD Genomes	NA	PASS	ENST00000375128.4	p.Ala26Pro	p.Ala26Pro	c.76G>C	missense_variant				3	31390	9.55718E-05	0	0	0	8712	0	0	0	848	0	0	0	290	0	0	0	1560	0	0	0	3476	0	0	3	15416	0	0	0	1088	0	0	0	0	0	0
9	100459500	rs1377666670	C	G	gnomAD Genomes	NA	PASS	ENST00000375128.4	p.Arg25Arg	p.Arg25Arg	c.75G>C	synonymous_variant				1	31386	3.18613E-05	0	0	0	8710	0	0	0	848	0	0	0	290	0	0	0	1558	0	0	0	3476	0	0	0	15416	0	0	1	1088	0	0	0	0	0	0
9	100459501	rs1033405989	C	A	gnomAD Genomes	NA	PASS	ENST00000375128.4	p.Arg25Leu	p.Arg25Leu	c.74G>T	missense_variant				1	31378	3.18695E-05	0	0	1	8710	0	0	0	848	0	0	0	290	0	0	0	1558	0	0	0	3474	0	0	0	15410	0	0	0	1088	0	0	0	0	0	0
9	100459501	rs1033405989	C	T	gnomAD Genomes	NA	PASS	ENST00000375128.4	p.Arg25Gln	p.Arg25Gln	c.74G>A	missense_variant				1	31378	3.18695E-05	0	0	0	8710	0	0	1	848	0	0	0	290	0	0	0	1558	0	0	0	3474	0	0	0	15410	0	0	0	1088	0	0	0	0	0	0
9	100459507	rs1179193179	G	A	gnomAD Genomes	NA	PASS	ENST00000375128.4	p.Ser23Leu	p.Ser23Leu	c.68C>T	missense_variant				1	31388	3.18593E-05	0	0	1	8706	0	0	0	848	0	0	0	290	0	0	0	1560	0	0	0	3476	0	0	0	15420	0	0	0	1088	0	0	0	0	0	0
9	100459509	rs752140582	G	A	gnomAD Genomes	NA	PASS	ENST00000375128.4	p.Ala22Ala	p.Ala22Ala	c.66C>T	synonymous_variant				7	31394	0.000222973	0	0	0	8712	0	0	0	848	0	0	0	290	0	0	0	1560	0	0	0	3472	0	0	7	15424	0	0	0	1088	0	0	0	0	0	0
9	100459539	rs113710532	C	A	gnomAD Genomes	NA	PASS	ENST00000375128.4	p.Ala12Ala	p.Ala12Ala	c.36G>T	synonymous_variant	Likely benign	765231		7	31390	0.000223001	0	0	7	8708	0	0	0	848	0	0	0	290	0	0	0	1560	0	0	0	3474	0	0	0	15422	0	0	0	1088	0	0	0	0	0	0
9	100459550	rs746677235	G	C	gnomAD Genomes	NA	PASS	ENST00000375128.4	p.Pro9Ala	p.Pro9Ala	c.25C>G	missense_variant				1	31386	3.18613E-05	0	0	0	8702	0	0	0	848	0	0	0	290	0	0	0	1560	0	0	0	3476	0	0	1	15422	0	0	0	1088	0	0	0	0	0	0
9	100459556	rs776601238	C	T	gnomAD Genomes	NA	PASS	ENST00000375128.4	p.Ala7Thr	p.Ala7Thr	c.19G>A	missense_variant				1	31388	3.18593E-05	0	0	0	8708	0	0	0	848	0	0	0	290	0	0	0	1560	0	0	0	3474	0	0	1	15420	0	0	0	1088	0	0	0	0	0	0
9	100459557	rs761764197	C	T	gnomAD Genomes	NA	PASS	ENST00000375128.4	p.Gly6Gly	p.Gly6Gly	c.18G>A	synonymous_variant	Likely benign	1090181		2	31390	6.37146E-05	0	0	2	8708	0	0	0	848	0	0	0	290	0	0	0	1560	0	0	0	3474	0	0	0	15422	0	0	0	1088	0	0	0	0	0	0
9	100459562	rs574504791	C	A	gnomAD Genomes	NA	PASS	ENST00000375128.4	p.Asp5Tyr	p.Asp5Tyr	c.13G>T	missense_variant	Uncertain significance	914219		1	31400	3.18471E-05	0	0	0	8710	0	0	0	848	0	0	0	290	0	0	0	1560	0	0	0	3474	0	0	1	15430	0	0	0	1088	0	0	0	0	0	0
9	100459563	rs377130468	G	A	gnomAD Genomes	NA	PASS	ENST00000375128.4	p.Ala4Ala	p.Ala4Ala	c.12C>T	synonymous_variant	Likely benign	1106399		1	31374	3.18735E-05	0	0	0	8700	0	0	0	848	0	0	0	290	0	0	0	1560	0	0	0	3472	0	0	1	15418	0	0	0	1086	0	0	0	0	0	0
9	100459563	rs377130468	G	T	gnomAD Genomes	NA	PASS	ENST00000375128.4	p.Ala4Ala	p.Ala4Ala	c.12C>A	synonymous_variant				1	31374	3.18735E-05	0	0	1	8700	0	0	0	848	0	0	0	290	0	0	0	1560	0	0	0	3472	0	0	0	15418	0	0	0	1086	0	0	0	0	0	0
9	100459564	rs973122222	GC	G	gnomAD Genomes	NA	PASS	ENST00000375128.4	p.Ala4ProfsTer11	p.Ala4ProfsTer11	c.10delG	frameshift_variant	Pathogenic/Likely pathogenic	551362		1	31392	3.18552E-05	0	0	0	8706	0	0	0	848	0	0	0	290	0	0	0	1560	0	0	0	3472	0	0	1	15428	0	0	0	1088	0	0	0	0	0	0
9	100459566	rs752858206	C	A	gnomAD Genomes	NA	PASS	ENST00000375128.4	p.Ala3Ala	p.Ala3Ala	c.9G>T	synonymous_variant				1	31396	3.18512E-05	0	0	0	8710	0	0	0	848	0	0	0	290	0	0	0	1560	0	0	0	3474	0	0	1	15426	0	0	0	1088	0	0	0	0	0	0
